﻿Arrest,n_first_murder,pct_first,n_last_murder,pct_last,pct_first adjusted
Arson,7,2.20%,7,1.80%,1.7226
Assault,42,13.00%,50,12.90%,10.179
Burglary,28,8.70%,31,8.00%,6.8121
Disorderly Conduct,9,2.80%,10,2.60%,2.1924
Drug/Narcotics,16,5.00%,24,6.20%,3.915
DUI/DWI,7,2.20%,8,2.10%,1.7226
Homicide,5,1.50%,11,2.80%,1.1745
Kidnapping/Abduction,9,2.80%,12,3.10%,2.1924
Motor Vehicle Theft,14,4.30%,18,4.60%,3.3669
Prostitution/Solicitation,3,0.90%,3,0.80%,0.7047
Robbery,15,4.60%,19,4.90%,3.6018
Sex Offenses,31,9.60%,35,9.00%,7.5168
Theft/Larceny,38,11.80%,41,10.60%,9.2394
Stolen Property,6,1.90%,8,2.10%,1.4877
Trespass,17,5.30%,18,4.60%,4.1499
Vandalism,7,2.20%,7,1.80%,1.7226
Weapon Law Offenses,19,5.90%,23,5.90%,4.6197
Fraud,7,2.20%,10,2.60%,1.7226
Violation of Probation/Parole,11,3.40%,15,3.90%,2.6622
Violation of Restraining Order,1,0.30%,1,0.30%,0.2349
Other,31,9.60%,37,9.50%,7.5168
None,,,,,21.7
