﻿State,Number of Victims,Victim Rank,2010 Population Rank,Difference
California,"1,628",1,1,0
Texas,893,2,2,0
Florida,845,3,4,1
Illinois,629,4,5,1
New York,628,5,3,-2
Ohio,433,6,7,1
Pennsylvania,420,7,6,-1
Washington,390,8,13,5
Michigan,381,9,8,-1
Georgia,365,10,9,-1
Indiana,341,11,15,4
Missouri,311,12,18,6
Louisiana,300,13,25,12
North Carolina,266,14,10,-4
Virginia,238,15,12,-3
New Jersey,207,16,11,-5
Massachusetts,195,17,14,-3
Oklahoma,195,18,28,10
Maryland,185,19,19,0
Tennessee,179,20,17,-3
District of Columbia,170,21,50,29
Oregon,170,21,27,6
Alabama,164,23,23,0
South Carolina,162,24,24,0
Arizona,156,25,16,-9
Colorado,155,26,22,-4
Kansas,153,27,33,6
Kentucky,134,28,26,-2
Connecticut,122,29,29,0
Wisconsin,118,30,20,-10
Nevada,105,31,35,4
Arkansas,103,32,32,0
Utah,77,33,34,1
Nebraska,76,34,38,4
Mississippi,75,35,31,-4
Minnesota,68,36,21,-15
New Mexico,64,37,36,-1
Iowa,53,38,30,-8
Alaska,51,39,47,8
Montana,41,40,44,4
Idaho,37,41,39,-2
West Virginia,37,41,37,-4
Maine,30,43,41,-2
Wyoming,27,44,51,7
Rhode Island,25,45,43,-2
Delaware,14,46,45,-1
North Dakota,11,47,48,1
Vermont,11,47,49,2
New Hampshire,10,49,42,-7
Hawaii,10,49,40,-9
South Dakota,7,51,46,-5
